GACTTCGTCCTCGTTTGGGAGGAGGACCTGAAGCTAGACAGGCAGCAGGACAGTGCCGCCCGGGACAGAACAGACATGCACAGGACCTGGCGGG	0.7414
TATTCCAATTACAAGCGTTCGGCCCCTTCCTTAGAGAGTCCATATCTCAGCACTCATGCTG	0.6624
TCCCATCACACTTCAATGTTATTAATAAAAA	0.467
CGCCTTCCATGTGATCATCCTGGTCAATGAA	0.4607
CTGAACTGTATCTAGAGGAACCAGGATGTGCAGAGTCGGCAATCCAGA	0.4219
TAATTGTTACCAAACAAAAATATCCACTCAAAATACAAT	0.2462
GCAGAGCTGAAGATTTTGGAGGGTCCTCCACAATAAGGTCAATGCCAGAGACGGAAG	0.1755
TTTTTTTTTTTTAATTATTACCTGATTTAAAAATCTCTGTAAAAACGTGTAGTGTTTCATAAAATCTGTAACTCGCATTTTAATGATC	0.1463
GGGGCAATACATAATTCGGACAGGCTGAAAGTACCATT	0.0334
AGACACATCTTGCAGCATTTTTCTTAAGGCA	0
GTGACTGGAGTTCAGACGTGTGGAAACCCGAGCCCTGCCGGAT	0
AACTCTATCTGAAATCCCAAAAAAAAAAAAA	0
AACAAAACAAAACAAAACAAAAAACAAAGTAAAAAACCAACAAAATAGAAACAAACAAACAAACAACATCAACCACAGAACATAAAAAGTTTTAAAATAAAACAGGCTTCAGATTATCTTGGCT	-0.1158
CCTCCGCCCGCCCCGCCTCCTTATCTTCTCCCTGGATTCCTGAGGGCTGCCTGGAAGAGGATGAATGTCCACACCTCCCTGGAGGAGCCCACGGTAGGGGACGGGAGGCTGACACATAGAGAGGGCGACACAGTGCACCCAGGACTGTGACAGAAATCCATGCAAAGTGCTGAGGAGAAGCCAGCAGGTTCTGCCTGGAAGGTCGGGGATGGCTTACCAGGGAGGGGACAAT	-0.168
GGCACTGGTTCGATGATAATGCTCAATGACAGTA	-0.1736
TACAATAAAGTCTTTATTTTTTTGCAGAGTATTATTGTTATTGCTTAAAATTGGAAAGCCAAAAAAAAGCACAATAAAGGGAAGTACAAGGGGTAATAAATAGATTACATCCTAACAATGTGTTCTCTTTTATCAGAAACCTGTACACTTTTAAAATTATGTAATTAAGCCAGACGAAATGGATTATTCAGAAGCACCTGTAAAAATTCAATTGACAGACTAATTTGCAGTGAATACACAGGCGTGCTTATTTTAAAAGCCTTTCCACATGATTACATTATACATAAAAAGAACTGGCAAGTGTAGTTGCAGGCTGAACTATATTTTTTATTGCCTTTACTCTGTGCATACTTATTCCAACCACTGAATTTACCAATTTTCAATTAGAATTTTCCAAGGAAATTAACAATTATTGTACCTCATCTACAATCAGCTTTATCTCTGAAGTCTATTTTCCTAAGGAAAAATTAAAGAACTTGCATGGGCGTATTAAGTAATATTCACATTTAGAAAAATATTGCATCAGGATGTTGAAAGGAGATAGAGGCAGCAACACACATTTTGGGGGCATTACAGGCCCATGGATCATAGCCATTGCATCATACACATTATTCCATGTAATCATCCCCCAAATCCTTTGAGTTAGGTTAACAACTAGTATTCTGTTAAATGCATGGAATTAAATGGAAAACTGGAAAAGGTGAATAGATACAGGCAAAGGTGGAAGCTATTCTAAAAGCAAAAGGCTGGAATGAAGGAAGGAGAGATATGAGACTCAAGCAAGTCAAGAGTCACTGAACCAAATTAGAGATAGAAGTAGTGAGATAGCAAGATATTGAGAGAGAGAGAGAGAGAGAGAGAGAG	-0.199
CAAACACAGCTTCCAAACCCAGGGCTTGCGCTTGCCTTTGCCTCTTCCACCGCG	-0.2706
CCTGTATCCCCAGCACTTTGGGAGGCCGAGACGGGAGG	-0.2731
CTCTGCACCCCACTCGTGGGGGAACACAGCCGCTCCCCTCTGCTCTGCA	-0.3406
GTTTTCATTATAGCTGTCCGCAGGCTTGTCCAAAAGGAAAC	-0.3853
TTGGCAAGCTTTCGGAAACAAAACAGGCAAAATTTTGTGATGATAAATATCACAGTTGCCACGCAGGCCAGCAGGAATGCTAT	-0.4414
CACCCCGCTTGCTCCGGCCGATCTGGCCCAGC	-0.4735
CCCCTTGTCACCAGGGGCACCAGCAGGGCCA	-0.5113
GAAAAAGTTAGATATGCGTACTCTTTTTTTAATACATAAATGAAAAAC	-0.5583
AGGACTCTAGGGGCCTGGGTTCTGCTGGAGGG	-0.5593
CTGTCATCGGCCACAGCATTTCTACCATTGAAAACACAGGTAGTGACATAGATGA	-0.9639
