Alias	contig	Name
ctg_1	CTGAACTGTATCTAGAGGAACCAGGATGTGCAGAGTCGGCAATCCAGA	HECW2-AS1
ctg_10	GTGACTGGAGTTCAGACGTGTGGAAACCCGAGCCCTGCCGGAT	COL1A1
ctg_11	GGGGCAATACATAATTCGGACAGGCTGAAAGTACCATT	PGM5-AS1
ctg_12	CTCTGCACCCCACTCGTGGGGGAACACAGCCGCTCCCCTCTGCTCTGCA	EFNA2
ctg_13	TCCCATCACACTTCAATGTTATTAATAAAAA	PGM5-AS1
ctg_14	GGCACTGGTTCGATGATAATGCTCAATGACAGTA	MYBPC1
ctg_15	AACAAAACAAAACAAAACAAAAAACAAAGTAAAAAACCAACAAAATAGAAACAAACAAACAAACAACATCAACCACAGAACATAAAAAGTTTTAAAATAAAACAGGCTTCAGATTATCTTGGCT	INHBA
ctg_16	TTGGCAAGCTTTCGGAAACAAAACAGGCAAAATTTTGTGATGATAAATATCACAGTTGCCACGCAGGCCAGCAGGAATGCTAT	UGT2B15
ctg_17	GTTTTCATTATAGCTGTCCGCAGGCTTGTCCAAAAGGAAAC	GMNN
ctg_18	AACTCTATCTGAAATCCCAAAAAAAAAAAAA	COL3A1
ctg_19	TACAATAAAGTCTTTATTTTTTTGCAGAGTATTATTGTTATTGCTTAAAATTGGAAAGCCAAAAAAAAGCACAATAAAGGGAAGTACAAGGGGTAATAAATAGATTACATCCTAACAATGTGTTCTCTTTTATCAGAAACCTGTACACTTTTAAAATTATGTAATTAAGCCAGACGAAATGGATTATTCAGAAGCACCTGTAAAAATTCAATTGACAGACTAATTTGCAGTGAATACACAGGCGTGCTTATTTTAAAAGCCTTTCCACATGATTACATTATACATAAAAAGAACTGGCAAGTGTAGTTGCAGGCTGAACTATATTTTTTATTGCCTTTACTCTGTGCATACTTATTCCAACCACTGAATTTACCAATTTTCAATTAGAATTTTCCAAGGAAATTAACAATTATTGTACCTCATCTACAATCAGCTTTATCTCTGAAGTCTATTTTCCTAAGGAAAAATTAAAGAACTTGCATGGGCGTATTAAGTAATATTCACATTTAGAAAAATATTGCATCAGGATGTTGAAAGGAGATAGAGGCAGCAACACACATTTTGGGGGCATTACAGGCCCATGGATCATAGCCATTGCATCATACACATTATTCCATGTAATCATCCCCCAAATCCTTTGAGTTAGGTTAACAACTAGTATTCTGTTAAATGCATGGAATTAAATGGAAAACTGGAAAAGGTGAATAGATACAGGCAAAGGTGGAAGCTATTCTAAAAGCAAAAGGCTGGAATGAAGGAAGGAGAGATATGAGACTCAAGCAAGTCAAGAGTCACTGAACCAAATTAGAGATAGAAGTAGTGAGATAGCAAGATATTGAGAGAGAGAGAGAGAGAGAGAGAGAG	AC069228.1
ctg_2	CCCCTTGTCACCAGGGGCACCAGCAGGGCCA	COL1A1
ctg_20	GAAAAAGTTAGATATGCGTACTCTTTTTTTAATACATAAATGAAAAAC	NA
ctg_21	CAAACACAGCTTCCAAACCCAGGGCTTGCGCTTGCCTTTGCCTCTTCCACCGCG	HOPX
ctg_22	CTGTCATCGGCCACAGCATTTCTACCATTGAAAACACAGGTAGTGACATAGATGA	USP9YP32
ctg_23	CCTCCGCCCGCCCCGCCTCCTTATCTTCTCCCTGGATTCCTGAGGGCTGCCTGGAAGAGGATGAATGTCCACACCTCCCTGGAGGAGCCCACGGTAGGGGACGGGAGGCTGACACATAGAGAGGGCGACACAGTGCACCCAGGACTGTGACAGAAATCCATGCAAAGTGCTGAGGAGAAGCCAGCAGGTTCTGCCTGGAAGGTCGGGGATGGCTTACCAGGGAGGGGACAAT	NA
ctg_24	CGCCTTCCATGTGATCATCCTGGTCAATGAA	PTPRN2
ctg_25	TAATTGTTACCAAACAAAAATATCCACTCAAAATACAAT	SLC22A3
ctg_26	GACTTCGTCCTCGTTTGGGAGGAGGACCTGAAGCTAGACAGGCAGCAGGACAGTGCCGCCCGGGACAGAACAGACATGCACAGGACCTGGCGGG	ANO7
ctg_3	CCTGTATCCCCAGCACTTTGGGAGGCCGAGACGGGAGG	CD38
ctg_4	GCAGAGCTGAAGATTTTGGAGGGTCCTCCACAATAAGGTCAATGCCAGAGACGGAAG	CD38
ctg_5	CACCCCGCTTGCTCCGGCCGATCTGGCCCAGC	CAMK2N1
ctg_6	AGACACATCTTGCAGCATTTTTCTTAAGGCA	SFRP4
ctg_7	TTTTTTTTTTTTAATTATTACCTGATTTAAAAATCTCTGTAAAAACGTGTAGTGTTTCATAAAATCTGTAACTCGCATTTTAATGATC	ASPN
ctg_8	AGGACTCTAGGGGCCTGGGTTCTGCTGGAGGG	TROAP
ctg_9	TATTCCAATTACAAGCGTTCGGCCCCTTCCTTAGAGAGTCCATATCTCAGCACTCATGCTG	SRD5A2
